{"_timestamp":1.7379261795775378e+09,"_runtime":12.3700091,"_step":50,"Test Accuracy":0.93,"_wandb":{"runtime":19},"Epoch":49,"Loss":0.0066770411562174555}