{"Epoch":49,"Loss":0.006683687763288617,"Test Accuracy":0.935,"_wandb":{"runtime":15},"_timestamp":1.7379262528451169e+09,"_runtime":9.2864402,"_step":50}