{"_step":50,"Test Accuracy":0.93,"_wandb":{"runtime":14},"Epoch":49,"Loss":0.006709988797083497,"_timestamp":1.7379262863752763e+09,"_runtime":8.8858732}